[
  {
    "name": "theme_info",
    "theme_name": "Super Sleeper Theme",
    "theme_version": "1.0.0",
    "theme_author": "Ankit Khand",
    "theme_documentation_url": "https://github.com/Shopify/themekit",
    "theme_support_url": "https://github.com/Shopify/themekit/issues"
  },
  {
    "name": "Sidebar Menu",
    "settings": [
      {
        "type": "paragraph",
        "content": "The provided links will be shown on the sidebar of collection pages"
      },
      {
        "type": "checkbox",
        "id": "show_sidebar",
        "label": "Enable Sidbar Links",
        "default": true,
        "info": "Enable this to make sidebar menus visible in collection page"
      }
    ]
  }
]
